{"count":1,"self":188.39712,"total":189.4742,"children":{"InitializeActuators":{"count":15,"self":0.0025253,"total":0.0025253,"children":null},"InitializeSensors":{"count":15,"self":0.0044887999999999994,"total":0.0044887999999999994,"children":null},"AgentSendState":{"count":2234,"self":0.0432819,"total":0.1716078,"children":{"CollectObservations":{"count":3360,"self":0.10582889999999999,"total":0.10582889999999999,"children":null},"WriteActionMask":{"count":3360,"self":0.0037703999999999997,"total":0.0037703999999999997,"children":null},"RequestDecision":{"count":3360,"self":0.0187266,"total":0.0187266,"children":null}}},"DecideAction":{"count":2234,"self":0.41280469999999997,"total":0.41280469999999997,"children":null},"AgentAct":{"count":2234,"self":0.48565129999999995,"total":0.48565129999999995,"children":null}},"gauges":{"LightcycleAI.CumulativeReward":{"count":19,"max":13.3441334,"min":-1.60889959,"runningAverage":1.2635684,"value":1.74207735,"weightedAverage":1.78164}},"metadata":{"timer_format_version":"0.1.0","start_time_seconds":"1780252094","unity_version":"6000.4.4f1","command_line_arguments":"C:\\Program Files\\Unity\\Hub\\Editor\\6000.4.4f1\\Editor\\Unity.exe -projectpath C:\\Users\\yossi\\Lux-Drive -acceptSoftwareTermsForThisRunOnly -useHub -hubIPC -cloudEnvironment production -licensingIpc LicenseClient-yossi -hubSessionId 4c3c4966-279c-4be2-9433-7b7e70e6374f -accessToken CgElxGDOKz-xKs7LsAFa2q33QYSuFXvp69b3e5WDvgA011f","communication_protocol_version":"1.5.0","com.unity.ml-agents_version":"2.0.1","scene_name":"SampleScene","end_time_seconds":"1780252283"}}